{
    "accuracy": 0.857262054914136,
    "precision": 0.8703392029568588,
    "recall": 0.857262054914136,
    "f1_score": 0.8496509686363991
}