{
    "accuracy": 0.9157077714174833,
    "precision": 0.9156882303712217,
    "recall": 0.9157077714174833,
    "f1_score": 0.9149159457189425
}