{
    "accuracy": 0.9344147780192487,
    "precision": 0.9281394414681974,
    "recall": 0.9300373484189605,
    "f1_score": 0.9290723503747635
}