{
    "accuracy": 0.9488114873387018,
    "precision": 0.948730518260504,
    "recall": 0.9488114873387018,
    "f1_score": 0.9487598720466883
}