{
    "accuracy": 0.8923061996701271,
    "precision": 0.9000327741744488,
    "recall": 0.8923061996701271,
    "f1_score": 0.8884955749891319
}