{
    "accuracy": 0.9509712331425245,
    "precision": 0.95095524423159,
    "recall": 0.9509712331425245,
    "f1_score": 0.9509629374293305
}