{
    "accuracy": 0.9504424091896927,
    "precision": 0.9506992908846017,
    "recall": 0.9504424091896927,
    "f1_score": 0.9505322315545874
}