{
    "accuracy": 0.9509265547686039,
    "precision": 0.9512449045618477,
    "recall": 0.9509265547686039,
    "f1_score": 0.9510314834231215
}