{
    "accuracy": 0.8661880275540894,
    "precision": 0.8773806512872538,
    "recall": 0.8661880275540894,
    "f1_score": 0.8598160760003112
}